City,County
Egg Harbor Township,Atlantic
Atlantic City,Atlantic
Galloway Township,Atlantic
Hamilton Township,Atlantic
Pleasantville,Atlantic
Hammonton,Atlantic
Somers Point,Atlantic
Ventnor City,Atlantic
Brigantine,Atlantic
Northfield,Atlantic
Absecon,Atlantic
Buena Vista Township,Atlantic
Linwood,Atlantic
Margate City,Atlantic
Mullica Township,Atlantic
Buena,Atlantic
Egg Harbor City,Atlantic
Weymouth Township,Atlantic
Folsom,Atlantic
Estell Manor,Atlantic
Port Republic,Atlantic
Longport,Atlantic
Corbin City,Atlantic
Hackensack,Bergen
Teaneck,Bergen
Fort Lee,Bergen
Fair Lawn,Bergen
Garfield,Bergen
Englewood,Bergen
Bergenfield,Bergen
Paramus,Bergen
Mahwah,Bergen
Ridgewood,Bergen
Lodi,Bergen
Cliffside Park,Bergen
Lyndhurst,Bergen
Palisades Park,Bergen
Elmwood Park,Bergen
Rutherford,Bergen
Dumont,Bergen
Wyckoff,Bergen
New Milford,Bergen
North Arlington,Bergen
Tenafly,Bergen
Ramsey,Bergen
Fairview,Bergen
Saddle Brook,Bergen
Oakland,Bergen
Ridgefield Park,Bergen
Hasbrouck Heights,Bergen
Glen Rock,Bergen
Edgewater,Bergen
River Edge,Bergen
Wallington,Bergen
Ridgefield,Bergen
Westwood,Bergen
Little Ferry,Bergen
Franklin Lakes,Bergen
Hillsdale,Bergen
River Vale,Bergen
Waldwick,Bergen
Maywood,Bergen
Washington Township,Bergen
Leonia,Bergen
East Rutherford,Bergen
Park Ridge,Bergen
Cresskill,Bergen
Closter,Bergen
Upper Saddle River,Bergen
Bogota,Bergen
Oradell,Bergen
Montvale,Bergen
Wood-Ridge,Bergen
Emerson,Bergen
Midland Park,Bergen
Allendale,Bergen
Carlstadt,Bergen
Old Tappan,Bergen
Woodcliff Lake,Bergen
Norwood,Bergen
Rochelle Park,Bergen
Englewood Cliffs,Bergen
Demarest,Bergen
Harrington Park,Bergen
Northvale,Bergen
Ho-Ho-Kus,Bergen
Haworth,Bergen
Saddle River,Bergen
Moonachie,Bergen
South Hackensack,Bergen
Alpine,Bergen
Rockleigh,Bergen
Teterboro,Bergen
Evesham Township,Burlington
Mount Laurel,Burlington
Willingboro Township,Burlington
Pemberton Township,Burlington
Medford,Burlington
Burlington Township,Burlington
Moorestown,Burlington
Maple Shade Township,Burlington
Delran Township,Burlington
Cinnaminson Township,Burlington
Lumberton Township,Burlington
Florence Township,Burlington
Bordentown Township,Burlington
Southampton Township,Burlington
Burlington,Burlington
Mount Holly,Burlington
Edgewater Park,Burlington
Westampton Township,Burlington
Mansfield Township,Burlington
Riverside Township,Burlington
Chesterfield Township,Burlington
North Hanover Township,Burlington
Palmyra,Burlington
New Hanover Township,Burlington
Tabernacle Township,Burlington
Shamong Township,Burlington
Hainesport Township,Burlington
Eastampton Township,Burlington
Delanco Township,Burlington
Medford Lakes,Burlington
Bordentown,Burlington
Springfield Township,Burlington
Riverton,Burlington
Beverly,Burlington
Woodland Township,Burlington
Bass River Township,Burlington
Pemberton,Burlington
Wrightstown,Burlington
Washington Township,Burlington
Fieldsboro,Burlington
Camden,Camden
Cherry Hill,Camden
Gloucester Township,Camden
Winslow Township,Camden
Pennsauken Township,Camden
Voorhees Township,Camden
Lindenwold,Camden
Haddon Township,Camden
Collingswood,Camden
Haddonfield,Camden
Bellmawr,Camden
Gloucester City,Camden
Waterford Township,Camden
Pine Hill,Camden
Audubon,Camden
Runnemede,Camden
Berlin,Camden
Haddon Heights,Camden
Stratford,Camden
Barrington,Camden
Berlin Township,Camden
Somerdale,Camden
Clementon,Camden
Mount Ephraim,Camden
Magnolia,Camden
Oaklyn,Camden
Merchantville,Camden
Woodlynne,Camden
Lawnside,Camden
Gibbsboro,Camden
Brooklawn,Camden
Laurel Springs,Camden
Chesilhurst,Camden
Audubon Park,Camden
Hi-Nella,Camden
Pine Valley,Camden
Tavistock,Camden
Lower Township,Cape May
Middle Township,Cape May
Upper Township,Cape May
Ocean City,Cape May
Dennis Township,Cape May
Wildwood,Cape May
North Wildwood,Cape May
Cape May,Cape May
Wildwood Crest,Cape May
Woodbine,Cape May
Sea Isle City,Cape May
Avalon,Cape May
West Cape May,Cape May
Stone Harbor,Cape May
West Wildwood,Cape May
Cape May Point,Cape May
Vineland,Cumberland
Millville,Cumberland
Bridgeton,Cumberland
Maurice River Township,Cumberland
Upper Deerfield Township,Cumberland
Fairfield Township,Cumberland
Commercial Township,Cumberland
Hopewell Township,Cumberland
Lawrence Township,Cumberland
Deerfield Township,Cumberland
Downe Township,Cumberland
Stow Creek Township,Cumberland
Greenwich Township,Cumberland
Shiloh,Cumberland
Newark,Essex
East Orange,Essex
Irvington,Essex
Bloomfield,Essex
West Orange,Essex
Montclair,Essex
Belleville,Essex
City of Orange,Essex
Livingston,Essex
Nutley,Essex
Maplewood,Essex
Millburn,Essex
South Orange Village,Essex
Verona,Essex
Cedar Grove,Essex
West Caldwell,Essex
Caldwell,Essex
Glen Ridge,Essex
Fairfield Township,Essex
North Caldwell,Essex
Roseland,Essex
Essex Fells,Essex
Washington Township,Gloucester
Monroe Township,Gloucester
Deptford Township,Gloucester
West Deptford Township,Gloucester
Glassboro,Gloucester
Franklin Township,Gloucester
Mantua Township,Gloucester
Harrison Township,Gloucester
Woolwich Township,Gloucester
Woodbury,Gloucester
East Greenwich Township,Gloucester
Pitman,Gloucester
Clayton,Gloucester
Paulsboro,Gloucester
Logan Township,Gloucester
Greenwich Township,Gloucester
Westville,Gloucester
Elk Township,Gloucester
South Harrison Township,Gloucester
Woodbury Heights,Gloucester
National Park,Gloucester
Swedesboro,Gloucester
Wenonah,Gloucester
Newfield,Gloucester
Jersey City,Hudson
Union City,Hudson
Bayonne,Hudson
North Bergen,Hudson
Hoboken,Hudson
West New York,Hudson
Kearny,Hudson
Secaucus,Hudson
Harrison,Hudson
Weehawken,Hudson
Guttenberg,Hudson
East Newark,Hudson
Raritan Township,Hunterdon
Readington Township,Hunterdon
Clinton Township,Hunterdon
Lebanon Township,Hunterdon
Tewksbury Township,Hunterdon
Union Township,Hunterdon
Holland Township,Hunterdon
Alexandria Township,Hunterdon
Flemington,Hunterdon
Delaware Township,Hunterdon
East Amwell Township,Hunterdon
Bethlehem Township,Hunterdon
Lambertville,Hunterdon
Kingwood Township,Hunterdon
West Amwell Township,Hunterdon
High Bridge,Hunterdon
Franklin Township,Hunterdon
Clinton,Hunterdon
Glen Gardner,Hunterdon
Hampton,Hunterdon
Frenchtown,Hunterdon
Lebanon,Hunterdon
Milford,Hunterdon
Califon,Hunterdon
Bloomsbury,Hunterdon
Stockton,Hunterdon
Hamilton Township,Mercer
Trenton,Mercer
Ewing Township,Mercer
Lawrence Township,Mercer
Princeton,Mercer
East Windsor Township,Mercer
West Windsor Township,Mercer
Hopewell Township,Mercer
Robbinsville Township,Mercer
Hightstown,Mercer
Pennington,Mercer
Hopewell,Mercer
Edison,Middlesex
Woodbridge Township,Middlesex
Old Bridge Township,Middlesex
Piscataway,Middlesex
New Brunswick,Middlesex
Perth Amboy,Middlesex
East Brunswick,Middlesex
South Brunswick,Middlesex
Sayreville,Middlesex
North Brunswick,Middlesex
Monroe Township,Middlesex
South Plainfield,Middlesex
Plainsboro Township,Middlesex
Carteret,Middlesex
South River,Middlesex
Highland Park,Middlesex
Middlesex,Middlesex
Metuchen,Middlesex
South Amboy,Middlesex
Spotswood,Middlesex
Dunellen,Middlesex
Milltown,Middlesex
Jamesburg,Middlesex
Cranbury,Middlesex
Helmetta,Middlesex
Middletown Township,Monmouth
Howell Township,Monmouth
Marlboro Township,Monmouth
Manalapan Township,Monmouth
Freehold Township,Monmouth
Long Branch,Monmouth
Neptune Township,Monmouth
Ocean Township,Monmouth
Wall Township,Monmouth
Hazlet,Monmouth
Aberdeen Township,Monmouth
Tinton Falls,Monmouth
Holmdel Township,Monmouth
Asbury Park,Monmouth
Eatontown,Monmouth
Red Bank,Monmouth
Freehold Borough,Monmouth
Millstone Township,Monmouth
Colts Neck Township,Monmouth
Keansburg,Monmouth
Matawan,Monmouth
West Long Branch,Monmouth
Keyport,Monmouth
Rumson,Monmouth
Upper Freehold Township,Monmouth
Union Beach,Monmouth
Fair Haven,Monmouth
Little Silver,Monmouth
Manasquan,Monmouth
Oceanport,Monmouth
Belmar,Monmouth
Highlands,Monmouth
Neptune City,Monmouth
Brielle,Monmouth
Spring Lake Heights,Monmouth
Atlantic Highlands,Monmouth
Bradley Beach,Monmouth
Shrewsbury,Monmouth
Monmouth Beach,Monmouth
Spring Lake,Monmouth
Avon-by-the-Sea,Monmouth
Englishtown,Monmouth
Allentown,Monmouth
Sea Girt,Monmouth
Lake Como,Monmouth
Sea Bright,Monmouth
Farmingdale,Monmouth
Shrewsbury Township,Monmouth
Roosevelt,Monmouth
Interlaken,Monmouth
Deal,Monmouth
Allenhurst,Monmouth
Loch Arbour,Monmouth
Parsippany-Troy Hills,Morris
Mount Olive Township,Morris
Randolph,Morris
Rockaway Township,Morris
Roxbury Township,Morris
Morris Township,Morris
Montville,Morris
Jefferson Township,Morris
Washington Township,Morris
Morristown,Morris
Dover,Morris
Denville Township,Morris
Madison,Morris
Pequannock Township,Morris
Hanover Township,Morris
Florham Park,Morris
East Hanover Township,Morris
Lincoln Park,Morris
Chatham Township,Morris
Kinnelon,Morris
Chatham Borough,Morris
Long Hill Township,Morris
Boonton,Morris
Chester Township,Morris
Butler,Morris
Wharton,Morris
Rockaway,Morris
Mendham Township,Morris
Morris Plains,Morris
Mount Arlington,Morris
Mendham Borough,Morris
Boonton Township,Morris
Mountain Lakes,Morris
Harding Township,Morris
Mine Hill Township,Morris
Riverdale,Morris
Netcong,Morris
Chester Borough,Morris
Victory Gardens,Morris
Lakewood Township,Ocean
Toms River,Ocean
Brick Township,Ocean
Jackson Township,Ocean
Manchester Township,Ocean
Berkeley Township,Ocean
Lacey Township,Ocean
Stafford Township,Ocean
Barnegat Township,Ocean
Little Egg Harbor Township,Ocean
Point Pleasant,Ocean
Beachwood,Ocean
Plumsted Township,Ocean
Ocean Township,Ocean
Point Pleasant Beach,Ocean
South Toms River,Ocean
Tuckerton,Ocean
Long Beach Township,Ocean
Seaside Heights,Ocean
Lakehurst,Ocean
Pine Beach,Ocean
Ocean Gate,Ocean
Lavallette,Ocean
Island Heights,Ocean
Eagleswood Township,Ocean
Seaside Park,Ocean
Surf City,Ocean
Beach Haven,Ocean
Ship Bottom,Ocean
Bay Head,Ocean
Barnegat Light,Ocean
Harvey Cedars,Ocean
Mantoloking,Ocean
Paterson,Passaic
Clifton,Passaic
Passaic,Passaic
Wayne,Passaic
West Milford,Passaic
Hawthorne,Passaic
Little Falls,Passaic
Ringwood,Passaic
Woodland Park,Passaic
Wanaque,Passaic
Pompton Lakes,Passaic
Totowa,Passaic
North Haledon,Passaic
Haledon,Passaic
Bloomingdale,Passaic
Prospect Park,Passaic
Pennsville Township,Salem
Pittsgrove Township,Salem
Carneys Point Township,Salem
Penns Grove,Salem
Salem,Salem
Pilesgrove Township,Salem
Upper Pittsgrove Township,Salem
Woodstown,Salem
Alloway Township,Salem
Quinton Township,Salem
Mannington Township,Salem
Oldmans Township,Salem
Lower Alloways Creek Township,Salem
Elmer,Salem
Elsinboro Township,Salem
Franklin Township,Somerset
Bridgewater Township,Somerset
Hillsborough Township,Somerset
Bernards Township,Somerset
Montgomery,Somerset
North Plainfield,Somerset
Warren Township,Somerset
Branchburg,Somerset
Somerville,Somerset
Bound Brook,Somerset
Manville,Somerset
Bedminster,Somerset
Bernardsville,Somerset
Green Brook Township,Somerset
Raritan,Somerset
Watchung,Somerset
South Bound Brook,Somerset
Peapack and Gladstone,Somerset
Far Hills,Somerset
Rocky Hill,Somerset
Millstone,Somerset
Vernon Township,Sussex
Sparta Township,Sussex
Hopatcong,Sussex
Wantage Township,Sussex
Byram Township,Sussex
Hardyston Township,Sussex
Newton,Sussex
Andover Township,Sussex
Frankford Township,Sussex
Hampton Township,Sussex
Franklin,Sussex
Stillwater Township,Sussex
Montague Township,Sussex
Stanhope,Sussex
Green Township,Sussex
Fredon Township,Sussex
Hamburg,Sussex
Lafayette Township,Sussex
Ogdensburg,Sussex
Sussex,Sussex
Sandyston Township,Sussex
Branchville,Sussex
Andover,Sussex
Walpack Township,Sussex
Elizabeth,Union
Union Township,Union
Plainfield,Union
Linden,Union
Westfield,Union
Rahway,Union
Scotch Plains,Union
Cranford,Union
Summit,Union
Hillside,Union
Roselle,Union
Springfield Township,Union
Clark,Union
Roselle Park,Union
Berkeley Heights,Union
New Providence,Union
Kenilworth,Union
Fanwood,Union
Mountainside,Union
Garwood,Union
Winfield Township,Union
Phillipsburg,Warren
Hackettstown,Warren
Lopatcong Township,Warren
Mansfield Township,Warren
Washington Township,Warren
Washington,Warren
Blairstown,Warren
Greenwich Township,Warren
Independence Township,Warren
White Township,Warren
Allamuchy Township,Warren
Pohatcong Township,Warren
Franklin Township,Warren
Knowlton Township,Warren
Liberty Township,Warren
Belvidere,Warren
Harmony Township,Warren
Oxford Township,Warren
Alpha,Warren
Frelinghuysen Township,Warren
Hope Township,Warren
Hardwick Township,Warren
North Cape May,Cape May
Rio Grande,Cape May
Cape May Court House,Cape May
Ocean View,Cape May